feature,importance
num__lag_3,0.18746372963893093
num__rolling_mean_3,0.14423880410216156
num__rolling_std_3,0.12404209612953755
num__lag_2,0.12312550642529582
num__month,0.12207563140300155
num__lag_1,0.10571254422956515
cat__category_Electronics,0.09310708238063477
cat__category_Furniture,0.03409328183269016
cat__category_Groceries,0.02753750089501237
num__year,0.019381423294881184
cat__category_Clothing,0.01922239966828906
