feature,importance
num__rolling_std_3,0.3073481932757714
num__rolling_mean_3,0.18074915159920532
num__lag_2,0.15694950270075886
num__lag_1,0.09847657645474336
num__lag_3,0.09359232697931118
num__month,0.08772494012845201
cat__region_North,0.02295975995927329
cat__region_South,0.014156905471986166
cat__region_West,0.013609686553783166
cat__region_East,0.012443241308990924
num__year,0.011989715567724398
