feature,importance
cat__segment_Regular,0.273868161886491
num__lag_1,0.18541114224478192
num__lag_3,0.17093089339145043
num__rolling_mean_3,0.15426870729878592
num__lag_2,0.1369914356352258
cat__segment_Wholesale,0.039738766499913876
cat__segment_Premium,0.03454119171022544
num__month,0.002438205362287415
num__rolling_std_3,0.0016118943056578389
num__year,0.0001996016651805131
